lead_id,age,gender,platform,ad_type,interest_level,time_to_contact_hours,num_followups,product_category,lead_source,converted
1,56,Male,Instagram,Video,High,9.89,4,Beauty,Paid,1
2,46,Male,Instagram,Image,Medium,107.22,4,Beauty,Organic,0
3,32,Female,Instagram,Carousel,High,0.61,2,Finance,Paid,1
4,25,Female,Facebook,Video,High,6.99,1,Beauty,Paid,1
5,38,Male,TikTok,Carousel,Medium,17.62,1,Beauty,Paid,0
6,56,Female,Facebook,Carousel,Low,17.71,3,Beauty,Paid,0
7,36,Male,Facebook,Carousel,High,21.34,0,Finance,Organic,1
8,40,Male,Instagram,Carousel,Medium,33.43,1,Beauty,Organic,0
9,28,Male,Facebook,Video,Low,23.44,4,Beauty,Organic,0
10,28,Male,Facebook,Image,Low,22.01,0,Health,Paid,0
11,41,Female,Instagram,Video,Medium,1.32,0,Finance,Paid,0
12,53,Female,Facebook,Video,High,11.34,2,Beauty,Organic,1
13,57,Female,Instagram,Video,High,6.34,1,Health,Organic,1
14,41,Male,Instagram,Image,Medium,7.4,2,Finance,Paid,0
15,20,Male,Instagram,Carousel,Low,19.4,1,Finance,Organic,0
16,39,Male,Instagram,Carousel,Low,5.34,3,Finance,Organic,1
17,19,Female,Facebook,Carousel,High,8.35,2,Finance,Paid,1
18,41,Male,Instagram,Image,Low,6.49,2,Finance,Organic,1
19,47,Female,Instagram,Carousel,Low,71.19,4,Finance,Paid,0
20,55,Female,Facebook,Image,Low,69.46,2,Beauty,Organic,0
21,19,Female,Facebook,Carousel,Medium,22.6,1,Beauty,Paid,0
22,38,Female,TikTok,Carousel,High,62.01,4,Beauty,Paid,1
23,50,Female,Facebook,Video,Low,36.98,2,Beauty,Paid,0
24,29,Female,Facebook,Image,Medium,21.4,2,Health,Paid,0
25,39,Male,TikTok,Video,Medium,0.15,3,Beauty,Paid,1
26,42,Male,Facebook,Video,High,35.54,2,Finance,Organic,1
27,44,Female,Facebook,Video,Low,29.1,0,Beauty,Organic,0
28,59,Female,Facebook,Image,Medium,22.92,4,Beauty,Organic,1
29,45,Male,Facebook,Image,Low,34.29,0,Finance,Paid,0
30,33,Female,TikTok,Carousel,High,17.26,4,Beauty,Organic,1
31,32,Female,Facebook,Video,Medium,29.22,3,Beauty,Paid,0
32,20,Male,Facebook,Carousel,Low,65.66,2,Beauty,Paid,1
33,54,Female,TikTok,Video,Medium,11.31,2,Health,Organic,1
34,24,Female,Instagram,Image,Medium,29.55,2,Beauty,Paid,0
35,38,Female,TikTok,Image,Low,15.5,4,Finance,Organic,0
36,26,Male,Instagram,Image,High,26.93,2,Finance,Paid,1
37,56,Male,TikTok,Video,Low,34.54,0,Beauty,Paid,0
38,35,Male,TikTok,Image,Medium,1.12,2,Beauty,Organic,1
39,21,Female,Facebook,Video,Medium,24.96,3,Beauty,Paid,0
40,42,Female,Instagram,Carousel,Medium,6.17,0,Finance,Organic,0
41,31,Male,Facebook,Video,Low,26.61,2,Finance,Paid,0
42,26,Female,Instagram,Carousel,High,15.16,2,Health,Organic,0
43,43,Female,TikTok,Video,Medium,35.65,1,Health,Paid,0
44,19,Female,TikTok,Carousel,Medium,3.16,4,Health,Organic,0
45,37,Female,Instagram,Image,Medium,23.62,0,Finance,Organic,1
46,45,Female,Facebook,Carousel,Medium,7.83,1,Health,Paid,0
47,24,Male,Facebook,Image,Low,46.01,3,Beauty,Organic,0
48,25,Female,Facebook,Image,Low,63.27,4,Beauty,Paid,0
49,52,Male,Facebook,Carousel,High,135.03,0,Finance,Paid,1
50,31,Female,TikTok,Video,Low,38.15,2,Health,Organic,0
51,34,Male,TikTok,Video,Medium,33.63,0,Beauty,Organic,0
52,53,Female,TikTok,Video,High,5.83,2,Finance,Organic,1
53,57,Male,TikTok,Video,Low,9.83,4,Health,Organic,1
54,21,Female,TikTok,Video,Medium,15.04,2,Beauty,Organic,0
55,19,Male,Facebook,Image,Medium,35.63,3,Health,Paid,0
56,23,Female,Facebook,Video,Medium,59.15,2,Finance,Organic,0
57,59,Male,Facebook,Image,Low,5.03,3,Health,Paid,0
58,21,Female,Facebook,Image,Low,61.34,4,Finance,Organic,1
59,46,Male,TikTok,Image,Medium,28.55,4,Health,Organic,0
60,35,Male,TikTok,Carousel,High,22.65,0,Beauty,Organic,1
61,43,Female,TikTok,Carousel,Medium,5.35,3,Finance,Paid,0
62,51,Female,Instagram,Image,Medium,1.37,3,Finance,Organic,1
63,27,Male,Facebook,Carousel,Low,20.17,1,Finance,Paid,0
64,53,Female,Facebook,Video,Medium,25.3,1,Health,Paid,0
65,31,Male,TikTok,Video,Low,5.68,1,Health,Paid,0
66,48,Male,Facebook,Image,High,19.51,2,Beauty,Organic,0
67,32,Male,Facebook,Video,High,46.59,1,Finance,Paid,0
68,25,Female,TikTok,Image,Medium,43.25,3,Finance,Organic,1
69,31,Male,Instagram,Image,High,62.93,2,Health,Paid,1
70,40,Male,Instagram,Video,Low,10.93,4,Health,Organic,1
71,57,Female,Instagram,Carousel,Medium,9.19,0,Beauty,Paid,0
72,38,Female,TikTok,Video,Low,33.22,1,Beauty,Organic,0
73,33,Female,Facebook,Video,High,13.54,4,Health,Organic,1
74,35,Female,TikTok,Image,Low,2.2,3,Finance,Organic,1
75,41,Male,TikTok,Image,Medium,7.98,0,Beauty,Paid,1
76,43,Male,Facebook,Image,High,13.01,4,Health,Paid,1
77,42,Male,Instagram,Image,Low,8.3,0,Health,Organic,1
78,58,Male,Instagram,Carousel,Low,9.69,1,Finance,Paid,0
79,46,Female,TikTok,Carousel,Medium,8.35,3,Health,Paid,1
80,32,Male,Instagram,Carousel,Medium,1.02,0,Health,Paid,1
81,18,Male,TikTok,Image,Low,24.33,4,Beauty,Paid,1
82,42,Female,TikTok,Image,Low,21.83,1,Health,Paid,0
83,24,Male,Facebook,Image,Low,25.43,1,Health,Paid,0
84,26,Male,Facebook,Carousel,High,5.13,4,Beauty,Paid,1
85,41,Male,Facebook,Image,Medium,8.41,4,Finance,Organic,0
86,18,Male,TikTok,Video,Low,23.2,0,Finance,Organic,0
87,25,Male,Facebook,Video,Low,21.97,2,Beauty,Paid,0
88,41,Male,Instagram,Image,Low,16.94,1,Beauty,Organic,0
89,28,Female,Instagram,Video,Low,10.35,0,Finance,Organic,0
90,34,Female,TikTok,Video,Medium,58.59,4,Finance,Organic,0
91,25,Male,TikTok,Carousel,Low,9.96,0,Finance,Paid,0
92,52,Male,Facebook,Image,Low,14.59,4,Finance,Paid,0
93,52,Female,TikTok,Image,Medium,27.21,3,Finance,Paid,0
94,50,Male,TikTok,Carousel,Low,18.79,4,Beauty,Paid,0
95,22,Male,Instagram,Video,Medium,10.22,4,Health,Paid,1
96,59,Male,Instagram,Video,Medium,13.73,4,Finance,Organic,0
97,56,Female,Facebook,Image,Medium,37.97,2,Finance,Paid,1
98,58,Male,TikTok,Video,Medium,7.82,4,Health,Organic,0
99,45,Female,TikTok,Carousel,Medium,3.68,1,Health,Paid,1
100,24,Male,Instagram,Carousel,High,9.02,1,Health,Organic,1
101,26,Female,TikTok,Image,Medium,45.46,0,Health,Paid,0
102,25,Female,Instagram,Carousel,Medium,2.24,2,Health,Paid,1
103,29,Male,Facebook,Carousel,High,114.98,0,Health,Paid,0
104,51,Female,Instagram,Image,Medium,18.69,1,Beauty,Paid,0
105,50,Male,TikTok,Carousel,Low,100.55,1,Health,Paid,0
106,40,Female,Facebook,Carousel,Low,67.12,3,Health,Paid,0
107,41,Male,Instagram,Carousel,Low,14.47,4,Beauty,Organic,0
108,54,Male,Instagram,Video,High,5.31,1,Health,Paid,1
109,52,Female,Facebook,Image,Medium,4.32,0,Finance,Organic,1
110,57,Male,Facebook,Image,High,6.59,0,Finance,Paid,0
111,39,Male,Instagram,Image,Medium,29.72,4,Health,Organic,0
112,44,Female,TikTok,Video,Medium,7.65,4,Beauty,Organic,1
113,52,Male,Instagram,Video,Low,10.02,3,Finance,Organic,0
114,18,Male,Facebook,Image,Medium,14.29,2,Beauty,Organic,1
115,52,Female,Instagram,Video,Medium,58.67,0,Finance,Organic,0
116,54,Female,Facebook,Image,High,5.04,4,Health,Organic,0
117,31,Male,Facebook,Video,Low,0.12,0,Beauty,Paid,0
118,20,Male,TikTok,Carousel,Medium,1.49,4,Beauty,Organic,0
119,18,Female,Facebook,Carousel,Medium,56.43,1,Beauty,Paid,0
120,22,Female,Facebook,Image,Medium,25.03,0,Finance,Paid,0
121,43,Male,TikTok,Video,Medium,7.65,1,Finance,Organic,0
122,31,Female,Facebook,Video,Medium,4.68,0,Finance,Organic,0
123,56,Male,TikTok,Carousel,Low,8.36,2,Health,Paid,0
124,44,Male,TikTok,Carousel,Medium,2.93,3,Finance,Organic,0
125,26,Male,Facebook,Video,Medium,68.14,1,Health,Organic,0
126,32,Male,Facebook,Video,High,36.8,4,Beauty,Organic,0
127,32,Male,Instagram,Video,High,14.89,2,Beauty,Organic,0
128,43,Female,TikTok,Video,Low,48.05,0,Health,Organic,0
129,59,Female,Instagram,Video,Low,6.89,1,Finance,Organic,0
130,30,Female,Facebook,Video,High,30.31,0,Health,Organic,1
131,49,Female,Instagram,Image,Medium,46.53,0,Beauty,Paid,0
132,56,Male,TikTok,Video,High,10.59,0,Beauty,Organic,0
133,49,Male,Instagram,Carousel,Low,34.0,3,Health,Paid,0
134,21,Male,TikTok,Image,Medium,8.39,3,Finance,Paid,0
135,47,Male,Facebook,Video,High,8.52,4,Finance,Paid,1
136,54,Female,Facebook,Carousel,High,2.72,1,Health,Paid,1
137,40,Male,TikTok,Image,Low,13.92,2,Health,Organic,0
138,56,Male,Facebook,Carousel,Medium,31.4,2,Finance,Paid,0
139,32,Female,Facebook,Video,Medium,67.61,2,Beauty,Paid,1
140,46,Female,Facebook,Video,Low,22.22,0,Health,Paid,0
141,53,Female,Facebook,Video,Medium,47.73,3,Finance,Paid,0
142,30,Female,TikTok,Video,Medium,41.49,1,Finance,Paid,0
143,49,Male,Instagram,Image,High,4.57,0,Beauty,Organic,0
144,24,Male,Instagram,Image,Medium,15.96,3,Beauty,Organic,0
145,39,Female,Facebook,Carousel,Low,2.98,3,Beauty,Paid,0
146,45,Male,Instagram,Video,Low,27.51,1,Beauty,Organic,0
147,19,Male,Instagram,Carousel,Medium,71.85,1,Beauty,Organic,1
148,59,Male,Facebook,Image,Low,3.54,1,Health,Paid,1
149,23,Female,Facebook,Video,Medium,31.77,0,Finance,Paid,0
150,45,Male,Instagram,Video,Low,24.01,4,Health,Paid,0
151,45,Female,TikTok,Image,High,21.03,1,Health,Organic,0
152,37,Male,Facebook,Image,High,11.87,4,Health,Paid,1
153,47,Male,TikTok,Image,Medium,10.53,0,Health,Organic,0
154,28,Male,Instagram,Image,High,1.11,4,Health,Organic,1
155,45,Female,Facebook,Image,Medium,5.9,2,Beauty,Organic,1
156,42,Male,TikTok,Video,Medium,0.37,4,Beauty,Paid,0
157,56,Female,Facebook,Image,Low,20.9,1,Finance,Organic,0
158,50,Female,Instagram,Video,Medium,2.69,0,Health,Paid,0
159,18,Female,TikTok,Video,Medium,49.53,1,Finance,Paid,0
160,44,Male,Instagram,Image,High,17.77,2,Beauty,Paid,1
161,30,Male,Instagram,Image,Medium,28.87,1,Beauty,Paid,0
162,58,Male,Facebook,Video,High,12.7,1,Beauty,Paid,1
163,20,Male,TikTok,Image,Medium,19.74,1,Health,Organic,1
164,56,Female,Instagram,Image,Low,68.61,3,Health,Organic,0
165,23,Female,Instagram,Image,High,2.07,2,Beauty,Organic,1
166,25,Female,TikTok,Carousel,Medium,7.03,1,Finance,Organic,1
167,44,Male,Instagram,Video,Low,36.34,1,Finance,Organic,0
168,26,Female,Instagram,Carousel,Medium,2.5,1,Beauty,Paid,0
169,54,Male,TikTok,Image,Low,1.89,0,Finance,Paid,0
170,50,Female,TikTok,Carousel,Medium,10.77,3,Beauty,Organic,0
171,59,Male,TikTok,Image,Medium,2.32,0,Finance,Organic,0
172,41,Male,TikTok,Carousel,Medium,21.11,3,Beauty,Organic,0
173,32,Female,Facebook,Image,High,6.16,1,Finance,Paid,0
174,49,Female,TikTok,Carousel,Medium,54.25,2,Health,Paid,0
175,49,Female,Facebook,Carousel,Low,36.72,4,Beauty,Paid,0
176,41,Female,Facebook,Carousel,Medium,28.87,4,Beauty,Organic,0
177,58,Male,Facebook,Video,High,23.03,1,Finance,Organic,1
178,29,Female,Instagram,Carousel,Low,47.79,0,Beauty,Organic,0
179,56,Female,Facebook,Video,Low,6.06,2,Beauty,Organic,1
180,19,Female,Facebook,Image,Low,49.55,3,Beauty,Paid,0
181,20,Male,Instagram,Carousel,Low,37.4,1,Health,Organic,0
182,54,Male,Instagram,Image,High,33.1,2,Health,Organic,0
183,34,Female,Instagram,Image,Medium,19.77,2,Finance,Organic,0
184,19,Male,TikTok,Carousel,Low,6.78,3,Health,Paid,0
185,19,Female,Instagram,Video,Medium,13.22,2,Finance,Paid,0
186,45,Male,Instagram,Carousel,Low,37.87,0,Health,Organic,0
187,40,Male,Facebook,Image,High,0.78,0,Finance,Paid,1
188,54,Male,Instagram,Image,High,36.56,0,Health,Paid,0
189,49,Male,TikTok,Carousel,Low,6.59,2,Health,Paid,0
190,50,Female,Instagram,Video,High,3.74,0,Finance,Paid,0
191,18,Female,TikTok,Video,Medium,2.95,3,Beauty,Paid,0
192,36,Female,Instagram,Image,Low,0.66,2,Beauty,Organic,1
193,19,Male,Instagram,Image,Low,17.8,4,Health,Organic,0
194,43,Female,Instagram,Video,Medium,5.91,2,Finance,Organic,1
195,49,Female,Instagram,Carousel,Medium,109.2,3,Beauty,Paid,0
196,23,Female,TikTok,Image,High,20.5,4,Finance,Paid,1
197,49,Male,TikTok,Video,Medium,3.56,2,Beauty,Paid,1
198,21,Male,Facebook,Image,High,28.01,0,Finance,Paid,1
199,28,Male,TikTok,Carousel,Medium,54.73,1,Health,Organic,1
200,34,Female,Instagram,Video,High,32.81,1,Finance,Organic,1
201,55,Female,Facebook,Image,Medium,1.91,0,Beauty,Organic,0
202,41,Female,Facebook,Carousel,Low,54.29,1,Health,Organic,0
203,22,Male,Facebook,Image,Medium,37.91,1,Finance,Organic,0
204,51,Male,Instagram,Carousel,High,4.14,0,Beauty,Organic,1
205,23,Female,TikTok,Carousel,Low,1.28,0,Health,Paid,1
206,39,Male,Instagram,Video,High,19.56,2,Finance,Paid,0
207,28,Male,Facebook,Carousel,Low,4.07,2,Beauty,Organic,0
208,33,Male,Instagram,Image,Medium,43.18,0,Finance,Paid,0
209,50,Male,Instagram,Carousel,High,10.65,3,Finance,Organic,1
210,26,Female,TikTok,Carousel,Low,58.57,1,Health,Organic,0
211,23,Male,TikTok,Video,Low,20.02,2,Health,Paid,0
212,33,Male,Facebook,Carousel,Medium,4.84,1,Beauty,Organic,1
213,46,Male,Instagram,Carousel,High,3.61,4,Health,Organic,1
214,20,Male,Instagram,Image,Low,20.62,0,Beauty,Organic,0
215,37,Female,TikTok,Video,High,34.44,3,Finance,Paid,1
216,53,Female,Instagram,Video,Low,36.5,4,Finance,Paid,0
217,36,Male,Instagram,Video,High,7.74,4,Beauty,Paid,1
218,43,Male,Instagram,Carousel,High,5.48,4,Finance,Paid,1
219,20,Male,TikTok,Video,Medium,0.41,0,Health,Organic,1
220,36,Male,Facebook,Carousel,Medium,27.29,2,Finance,Paid,1
221,37,Male,Facebook,Carousel,Medium,1.91,0,Health,Paid,1
222,49,Male,Instagram,Image,Medium,13.1,2,Beauty,Paid,1
223,24,Female,Facebook,Image,Low,22.09,4,Beauty,Organic,0
224,58,Male,TikTok,Image,Low,66.39,4,Finance,Paid,0
225,50,Female,TikTok,Image,Low,8.97,3,Finance,Paid,0
226,57,Female,Facebook,Image,Medium,6.9,2,Health,Organic,1
227,56,Male,Facebook,Carousel,Low,25.48,4,Health,Organic,0
228,35,Female,Instagram,Carousel,Medium,23.17,1,Finance,Organic,0
229,57,Female,Facebook,Video,High,9.69,3,Finance,Organic,1
230,18,Female,Instagram,Carousel,Low,63.18,0,Beauty,Paid,0
231,28,Female,Instagram,Carousel,Medium,44.72,3,Beauty,Organic,0
232,45,Female,TikTok,Image,Medium,6.09,1,Beauty,Paid,0
233,42,Female,TikTok,Carousel,High,6.56,2,Finance,Paid,1
234,40,Male,TikTok,Image,High,17.23,0,Finance,Paid,0
235,48,Female,TikTok,Video,High,35.65,0,Finance,Paid,0
236,47,Female,Facebook,Video,High,1.08,2,Beauty,Paid,1
237,59,Female,TikTok,Carousel,Low,28.37,3,Finance,Organic,0
238,52,Male,Facebook,Video,High,25.08,4,Health,Paid,1
239,24,Female,TikTok,Carousel,Medium,6.32,3,Finance,Paid,0
240,33,Male,Facebook,Video,Low,27.45,1,Finance,Paid,0
241,43,Female,Instagram,Image,High,67.6,4,Finance,Organic,1
242,19,Male,Facebook,Image,Low,1.15,3,Finance,Paid,0
243,18,Male,Facebook,Image,Medium,9.24,2,Finance,Paid,1
244,29,Female,TikTok,Image,Low,13.84,1,Health,Organic,0
245,22,Female,Facebook,Carousel,Medium,55.09,1,Health,Paid,0
246,54,Male,Instagram,Video,Medium,78.65,1,Finance,Paid,0
247,49,Female,Instagram,Carousel,Medium,14.09,4,Beauty,Organic,1
248,26,Male,TikTok,Image,Medium,33.27,0,Finance,Paid,0
249,58,Male,Instagram,Carousel,Low,18.21,4,Finance,Paid,0
250,52,Male,Facebook,Video,High,18.52,3,Finance,Paid,1
251,36,Male,Instagram,Carousel,Low,7.82,0,Beauty,Paid,1
252,33,Male,TikTok,Video,Medium,5.87,3,Beauty,Paid,0
253,20,Female,Facebook,Carousel,High,8.15,0,Beauty,Organic,0
254,37,Male,TikTok,Video,High,19.5,4,Health,Organic,1
255,41,Male,Facebook,Video,Medium,0.71,1,Beauty,Organic,0
256,50,Female,Instagram,Image,Medium,57.07,2,Health,Paid,1
257,41,Male,TikTok,Video,High,4.08,1,Health,Paid,0
258,28,Female,TikTok,Image,High,5.97,4,Beauty,Paid,1
259,25,Female,Facebook,Image,Medium,17.53,0,Beauty,Organic,1
260,53,Female,TikTok,Image,Low,29.72,1,Beauty,Paid,0
261,55,Male,Facebook,Carousel,Low,2.42,4,Health,Paid,0
262,57,Male,Facebook,Carousel,Low,9.17,3,Finance,Paid,1
263,37,Male,Facebook,Carousel,Medium,83.12,2,Beauty,Organic,0
264,52,Female,Facebook,Carousel,Low,7.3,1,Beauty,Organic,1
265,42,Male,Instagram,Video,Medium,9.01,0,Beauty,Paid,0
266,52,Female,Facebook,Video,Low,43.46,3,Health,Paid,0
267,42,Male,TikTok,Carousel,Low,1.24,4,Health,Paid,1
268,46,Female,Instagram,Video,High,14.99,2,Finance,Organic,0
269,35,Male,TikTok,Video,Medium,11.46,0,Beauty,Organic,0
270,35,Male,Instagram,Image,Low,9.14,4,Health,Organic,0
271,19,Male,Facebook,Image,High,8.07,4,Finance,Paid,1
272,52,Female,Instagram,Image,Low,2.3,1,Beauty,Organic,0
273,33,Female,Instagram,Image,Medium,9.07,1,Health,Paid,1
274,58,Male,TikTok,Video,Medium,1.06,0,Beauty,Paid,1
275,53,Male,TikTok,Carousel,Low,36.44,4,Beauty,Organic,0
276,50,Female,Facebook,Video,High,12.19,1,Health,Paid,0
277,21,Female,Instagram,Video,Medium,14.08,2,Health,Organic,0
278,50,Female,Instagram,Video,Medium,53.77,2,Health,Paid,1
279,31,Male,Instagram,Image,Low,25.75,4,Beauty,Paid,0
280,38,Female,Facebook,Image,Low,0.19,1,Beauty,Organic,0
281,37,Male,Facebook,Image,High,68.83,0,Finance,Paid,0
282,25,Female,Facebook,Carousel,Low,6.5,0,Beauty,Paid,0
283,24,Male,Facebook,Video,Medium,2.73,0,Health,Paid,0
284,20,Female,Facebook,Carousel,Medium,35.08,2,Beauty,Paid,0
285,34,Female,TikTok,Image,Medium,16.66,1,Finance,Paid,1
286,50,Female,Instagram,Carousel,Low,13.65,1,Finance,Paid,0
287,29,Female,Instagram,Video,Low,6.89,2,Health,Paid,1
288,39,Female,Instagram,Video,Medium,19.03,0,Health,Paid,0
289,39,Male,Instagram,Image,Low,7.7,0,Finance,Organic,0
290,47,Female,Instagram,Image,Low,55.65,4,Finance,Organic,0
291,55,Female,Instagram,Carousel,Low,5.82,3,Finance,Paid,0
292,55,Female,Instagram,Image,Medium,51.77,1,Health,Paid,1
293,25,Male,Instagram,Image,High,19.67,1,Finance,Organic,1
294,44,Female,TikTok,Video,Low,42.31,1,Finance,Paid,0
295,44,Male,Instagram,Image,Low,29.95,3,Health,Organic,1
296,51,Female,TikTok,Image,Low,28.63,4,Beauty,Organic,1
297,38,Female,Facebook,Video,Medium,9.41,3,Beauty,Organic,1
298,47,Male,Instagram,Video,Medium,6.39,0,Finance,Paid,0
299,50,Female,Facebook,Carousel,Medium,5.68,0,Beauty,Paid,0
300,45,Male,Facebook,Image,Medium,46.71,1,Beauty,Paid,0
301,50,Male,Facebook,Video,Medium,41.21,2,Beauty,Organic,0
302,22,Female,TikTok,Carousel,High,13.94,1,Beauty,Organic,1
303,36,Male,Facebook,Carousel,High,3.41,2,Finance,Organic,0
304,21,Female,Facebook,Image,Low,11.56,3,Beauty,Paid,0
305,52,Female,Facebook,Image,Low,23.18,0,Beauty,Organic,0
306,34,Male,Instagram,Carousel,Low,14.54,2,Health,Organic,0
307,45,Male,Instagram,Video,Low,36.36,3,Finance,Paid,0
308,47,Male,TikTok,Carousel,High,145.0,0,Health,Organic,1
309,46,Male,TikTok,Image,Medium,5.09,2,Health,Organic,1
310,23,Female,Instagram,Video,Low,14.77,1,Finance,Paid,0
311,52,Female,TikTok,Video,Medium,13.53,1,Beauty,Paid,0
312,58,Male,Instagram,Carousel,Medium,8.71,1,Health,Organic,1
313,54,Female,Facebook,Image,Low,5.3,3,Finance,Paid,0
314,41,Female,Facebook,Carousel,Low,1.63,1,Beauty,Organic,1
315,46,Female,TikTok,Carousel,Medium,52.35,4,Finance,Paid,0
316,48,Female,Instagram,Carousel,Medium,13.07,0,Health,Organic,0
317,52,Male,Instagram,Video,Low,16.49,3,Beauty,Paid,0
318,50,Male,TikTok,Video,Low,59.72,1,Beauty,Organic,0
319,38,Female,Instagram,Image,Medium,35.94,0,Finance,Paid,1
320,49,Male,Facebook,Image,Low,3.36,2,Beauty,Paid,0
321,40,Male,TikTok,Carousel,Medium,20.0,1,Health,Paid,0
322,50,Male,TikTok,Carousel,Medium,14.01,0,Health,Paid,0
323,20,Female,Instagram,Carousel,Low,38.29,4,Health,Paid,0
324,35,Female,TikTok,Image,High,30.92,2,Finance,Paid,1
325,42,Female,Instagram,Video,Medium,28.14,4,Beauty,Paid,1
326,59,Male,Instagram,Video,Low,9.99,0,Beauty,Organic,1
327,48,Female,Instagram,Carousel,Medium,39.23,4,Beauty,Organic,0
328,20,Female,Instagram,Carousel,Medium,1.29,0,Health,Paid,0
329,57,Male,Instagram,Carousel,Medium,4.17,0,Beauty,Paid,1
330,41,Female,TikTok,Carousel,Low,9.81,4,Health,Organic,1
331,49,Female,Facebook,Image,High,1.92,0,Beauty,Organic,1
332,39,Male,Facebook,Video,Medium,6.43,1,Health,Paid,0
333,40,Male,TikTok,Carousel,Low,42.55,0,Beauty,Organic,0
334,19,Male,TikTok,Image,Low,71.07,3,Finance,Organic,0
335,44,Female,Facebook,Carousel,Low,8.72,0,Finance,Paid,0
336,59,Female,Facebook,Carousel,High,7.37,3,Health,Paid,1
337,19,Female,Facebook,Video,Low,7.88,0,Health,Paid,0
338,43,Male,Facebook,Carousel,Low,7.81,0,Beauty,Organic,0
339,34,Male,Facebook,Video,High,0.88,4,Beauty,Paid,1
340,57,Female,Instagram,Video,Low,62.79,1,Finance,Paid,0
341,50,Female,TikTok,Video,Low,5.77,1,Beauty,Organic,1
342,26,Male,Instagram,Image,Low,13.07,2,Health,Paid,1
343,56,Male,Facebook,Image,Low,0.23,4,Health,Organic,0
344,46,Male,Facebook,Video,Low,46.84,4,Health,Organic,0
345,59,Male,Facebook,Carousel,Medium,31.53,1,Health,Organic,1
346,43,Female,Instagram,Video,Low,70.39,4,Health,Organic,0
347,52,Male,Instagram,Carousel,Low,36.52,1,Finance,Organic,0
348,42,Female,Facebook,Video,Medium,9.03,4,Finance,Organic,1
349,41,Female,Instagram,Carousel,Medium,6.84,0,Health,Paid,0
350,30,Female,Instagram,Image,Medium,28.71,1,Beauty,Paid,0
351,24,Male,Facebook,Carousel,Medium,10.87,1,Health,Paid,1
352,53,Male,Instagram,Video,Low,20.04,3,Finance,Organic,0
353,37,Male,TikTok,Image,Medium,0.15,4,Health,Paid,1
354,18,Male,TikTok,Carousel,Medium,1.53,4,Finance,Organic,0
355,25,Female,TikTok,Carousel,Low,18.4,1,Finance,Paid,0
356,33,Male,TikTok,Carousel,High,20.04,0,Health,Organic,0
357,31,Male,Facebook,Carousel,Low,33.41,0,Health,Paid,0
358,29,Female,Facebook,Carousel,Medium,3.4,0,Beauty,Organic,1
359,40,Male,Facebook,Image,Low,17.28,4,Finance,Paid,0
360,32,Female,TikTok,Image,Medium,5.19,3,Beauty,Organic,1
361,45,Female,TikTok,Image,Medium,2.35,1,Health,Paid,1
362,51,Female,Instagram,Image,High,12.68,2,Finance,Organic,0
363,19,Female,Instagram,Video,Low,4.28,3,Beauty,Paid,0
364,49,Female,TikTok,Image,Medium,6.02,2,Beauty,Paid,1
365,40,Female,TikTok,Carousel,Medium,9.17,3,Beauty,Paid,1
366,39,Female,TikTok,Carousel,Medium,7.21,0,Health,Organic,0
367,42,Female,TikTok,Image,Medium,2.2,4,Health,Organic,1
368,39,Male,Instagram,Carousel,Medium,2.26,2,Health,Organic,0
369,39,Male,TikTok,Image,Medium,5.15,3,Finance,Organic,1
370,59,Male,Instagram,Carousel,Low,1.25,4,Health,Organic,0
371,23,Male,TikTok,Video,Medium,23.63,2,Finance,Paid,1
372,32,Female,TikTok,Video,Low,8.13,1,Beauty,Organic,0
373,54,Male,TikTok,Image,High,7.88,3,Beauty,Paid,1
374,50,Female,Instagram,Image,Medium,9.68,1,Health,Paid,1
375,25,Male,Instagram,Image,High,26.09,0,Beauty,Organic,1
376,22,Male,Facebook,Carousel,Low,49.08,1,Health,Paid,0
377,56,Male,TikTok,Image,High,34.16,1,Finance,Organic,0
378,21,Female,Facebook,Video,High,31.21,3,Beauty,Organic,1
379,23,Male,Facebook,Carousel,Medium,15.9,0,Health,Organic,1
380,49,Female,Instagram,Image,Medium,28.4,1,Beauty,Paid,0
381,47,Female,Instagram,Carousel,Low,19.31,4,Beauty,Organic,0
382,52,Male,Facebook,Carousel,High,5.85,2,Health,Organic,0
383,57,Male,TikTok,Image,Medium,5.61,1,Beauty,Organic,0
384,33,Male,Instagram,Carousel,Low,8.44,0,Beauty,Paid,0
385,30,Female,TikTok,Video,Low,58.01,1,Beauty,Organic,0
386,59,Male,TikTok,Video,High,19.03,2,Beauty,Paid,1
387,47,Female,Facebook,Carousel,High,31.77,0,Finance,Paid,0
388,36,Female,Facebook,Image,High,10.21,3,Beauty,Organic,0
389,34,Male,Facebook,Carousel,Medium,12.57,0,Beauty,Paid,0
390,36,Male,Facebook,Video,Low,3.22,3,Health,Paid,0
391,45,Female,Instagram,Carousel,Low,4.51,0,Finance,Organic,0
392,43,Female,Instagram,Carousel,Low,42.16,2,Health,Organic,0
393,54,Female,Facebook,Video,Low,21.1,2,Health,Organic,1
394,43,Male,Instagram,Carousel,Low,9.88,0,Health,Paid,0
395,40,Female,Facebook,Carousel,Low,38.97,1,Finance,Organic,0
396,26,Male,TikTok,Image,Medium,6.79,2,Health,Paid,0
397,29,Female,TikTok,Image,High,89.55,3,Health,Paid,0
398,18,Female,TikTok,Video,Medium,10.15,3,Health,Paid,1
399,18,Male,Facebook,Video,High,9.87,4,Beauty,Paid,1
400,51,Female,TikTok,Video,Medium,8.97,3,Health,Paid,0
401,49,Male,Instagram,Image,Low,3.13,4,Finance,Organic,0
402,42,Male,TikTok,Video,Low,2.83,0,Finance,Organic,0
403,57,Female,TikTok,Video,Low,25.07,0,Beauty,Paid,0
404,18,Male,TikTok,Video,Low,49.93,0,Finance,Paid,0
405,33,Male,Instagram,Image,Medium,37.52,1,Finance,Organic,0
406,56,Female,Facebook,Carousel,Low,3.65,1,Beauty,Organic,0
407,22,Male,Instagram,Video,Low,18.93,4,Health,Paid,0
408,39,Male,Facebook,Carousel,Low,2.68,3,Beauty,Paid,0
409,46,Male,Facebook,Video,High,1.11,3,Health,Organic,1
410,20,Female,TikTok,Carousel,Medium,25.64,0,Health,Organic,0
411,29,Male,Facebook,Image,Medium,18.39,2,Finance,Paid,1
412,43,Female,Instagram,Image,Low,2.05,1,Beauty,Organic,1
413,33,Female,Instagram,Video,Medium,0.85,1,Finance,Organic,0
414,54,Male,Facebook,Carousel,Medium,109.95,0,Finance,Paid,0
415,39,Male,TikTok,Image,Medium,0.73,1,Health,Paid,0
416,46,Male,TikTok,Video,High,14.11,0,Finance,Paid,1
417,31,Female,Instagram,Video,Low,16.86,4,Beauty,Organic,1
418,45,Male,TikTok,Image,High,2.99,3,Finance,Paid,0
419,22,Male,Facebook,Image,High,4.44,2,Finance,Organic,1
420,47,Male,Facebook,Video,Low,10.41,3,Health,Paid,0
421,22,Male,Instagram,Carousel,Medium,34.42,3,Beauty,Paid,0
422,29,Male,Facebook,Carousel,High,16.98,4,Finance,Organic,1
423,33,Female,Instagram,Carousel,Low,24.38,1,Health,Organic,0
424,43,Female,Facebook,Video,Medium,101.07,2,Finance,Paid,1
425,43,Male,Instagram,Image,High,35.06,1,Beauty,Paid,0
426,38,Male,TikTok,Video,Medium,13.68,3,Finance,Organic,0
427,56,Male,Facebook,Image,Low,14.19,0,Finance,Paid,0
428,53,Male,Facebook,Carousel,Medium,23.14,3,Health,Organic,1
429,50,Female,Instagram,Carousel,Low,26.27,1,Finance,Organic,0
430,47,Male,Instagram,Image,Medium,16.67,3,Health,Paid,1
431,54,Female,Facebook,Image,Low,24.85,0,Beauty,Organic,0
432,40,Female,Instagram,Video,Medium,0.57,4,Finance,Organic,1
433,27,Male,Facebook,Carousel,Medium,13.47,1,Beauty,Organic,0
434,22,Female,TikTok,Video,Medium,7.85,3,Beauty,Paid,1
435,53,Female,Instagram,Video,Medium,3.32,1,Finance,Organic,0
436,51,Female,Facebook,Video,Medium,2.52,4,Health,Paid,0
437,48,Female,TikTok,Carousel,Medium,22.18,3,Beauty,Paid,1
438,27,Male,TikTok,Video,Low,17.8,3,Beauty,Paid,0
439,36,Male,Facebook,Video,Medium,7.02,1,Finance,Organic,0
440,49,Female,Instagram,Video,Low,15.28,1,Finance,Organic,0
441,18,Male,Facebook,Video,High,16.27,0,Finance,Paid,0
442,22,Male,TikTok,Video,Low,5.21,4,Finance,Paid,0
443,21,Male,Facebook,Video,Medium,25.34,0,Finance,Organic,0
444,33,Male,Instagram,Carousel,Medium,36.44,3,Finance,Paid,0
445,41,Male,TikTok,Video,Medium,37.62,1,Health,Paid,1
446,33,Female,Facebook,Image,Low,22.14,3,Beauty,Organic,0
447,19,Male,Instagram,Video,Medium,17.2,3,Health,Paid,0
448,45,Male,TikTok,Video,Medium,1.51,2,Health,Organic,1
449,49,Male,Instagram,Carousel,Medium,8.15,2,Finance,Organic,0
450,44,Male,TikTok,Carousel,Low,2.35,3,Beauty,Paid,0
451,37,Female,Facebook,Image,Medium,79.66,1,Health,Organic,0
452,41,Female,Instagram,Image,Medium,3.48,3,Finance,Organic,1
453,29,Female,TikTok,Carousel,Medium,3.95,2,Finance,Organic,0
454,52,Female,Instagram,Carousel,Medium,52.88,1,Beauty,Paid,0
455,50,Male,Instagram,Video,Medium,69.15,3,Health,Paid,1
456,50,Female,Facebook,Carousel,Low,34.84,4,Health,Paid,1
457,54,Male,Instagram,Image,Low,0.13,4,Health,Organic,1
458,29,Male,TikTok,Video,Low,0.03,3,Finance,Organic,1
459,20,Male,TikTok,Image,Low,11.4,1,Beauty,Paid,0
460,18,Male,TikTok,Video,Medium,3.71,3,Beauty,Paid,1
461,50,Male,TikTok,Carousel,Medium,0.45,3,Health,Organic,0
462,57,Female,Facebook,Image,Low,14.97,2,Finance,Paid,0
463,27,Female,Instagram,Video,High,68.78,4,Health,Paid,1
464,46,Female,Facebook,Video,Low,9.39,2,Beauty,Paid,1
465,30,Female,Instagram,Carousel,Medium,25.97,2,Finance,Paid,0
466,29,Male,Instagram,Carousel,Medium,25.35,3,Health,Paid,0
467,48,Female,Instagram,Carousel,Low,6.94,2,Health,Organic,0
468,19,Male,Facebook,Image,Low,25.22,4,Finance,Paid,0
469,52,Female,Instagram,Video,Medium,5.73,2,Beauty,Paid,0
470,40,Male,Facebook,Carousel,Low,3.12,4,Finance,Organic,0
471,34,Male,TikTok,Image,High,29.01,2,Health,Organic,1
472,43,Female,TikTok,Image,Medium,2.89,4,Health,Organic,1
473,25,Male,Instagram,Image,High,138.7,2,Health,Organic,0
474,46,Male,Facebook,Carousel,Low,4.86,2,Health,Paid,1
475,43,Female,TikTok,Carousel,Medium,21.64,1,Beauty,Paid,0
476,27,Male,Facebook,Video,Medium,12.72,4,Beauty,Paid,0
477,43,Female,Facebook,Video,Medium,3.24,4,Health,Paid,1
478,51,Female,Instagram,Carousel,Low,0.68,4,Beauty,Organic,1
479,58,Female,TikTok,Image,Medium,23.4,0,Beauty,Organic,0
480,24,Male,Instagram,Image,Medium,39.45,2,Beauty,Paid,1
481,21,Male,Instagram,Image,Medium,44.29,4,Health,Paid,0
482,28,Male,TikTok,Video,Low,15.82,0,Finance,Paid,0
483,46,Female,TikTok,Image,High,36.06,1,Finance,Paid,0
484,53,Male,Facebook,Video,Low,26.82,4,Finance,Organic,1
485,42,Female,TikTok,Video,High,30.92,4,Health,Paid,1
486,38,Female,Facebook,Image,High,16.28,0,Beauty,Organic,1
487,53,Male,Facebook,Image,High,24.08,2,Beauty,Organic,1
488,27,Female,Facebook,Carousel,Medium,39.3,1,Health,Organic,0
489,54,Male,TikTok,Carousel,Medium,12.18,4,Health,Organic,0
490,26,Male,Instagram,Image,High,39.35,2,Finance,Paid,0
491,41,Male,Facebook,Video,Low,21.52,1,Finance,Paid,0
492,52,Male,Instagram,Video,Medium,4.35,3,Health,Paid,0
493,52,Male,Instagram,Video,Medium,0.6,3,Finance,Paid,0
494,53,Female,TikTok,Video,Medium,10.81,1,Beauty,Organic,1
495,35,Female,Instagram,Video,Low,18.99,0,Health,Organic,0
496,56,Female,Instagram,Carousel,Medium,43.96,1,Health,Organic,0
497,49,Male,TikTok,Image,High,3.27,1,Beauty,Paid,0
498,41,Male,Facebook,Carousel,Low,38.65,0,Beauty,Organic,0
499,40,Male,Instagram,Video,High,47.71,0,Beauty,Organic,1
500,49,Female,TikTok,Video,Low,3.92,2,Finance,Organic,0
501,54,Male,Instagram,Video,Low,45.79,2,Health,Organic,0
502,29,Female,Instagram,Video,Low,114.29,0,Finance,Paid,0
503,30,Female,Facebook,Image,Low,31.14,3,Beauty,Organic,0
504,40,Male,Instagram,Video,High,36.87,3,Finance,Organic,1
505,42,Male,TikTok,Image,Low,124.51,1,Beauty,Paid,0
506,52,Female,Instagram,Video,Medium,22.32,4,Finance,Paid,0
507,58,Male,Facebook,Image,Low,8.83,1,Finance,Paid,0
508,47,Female,Facebook,Carousel,Medium,43.61,1,Beauty,Organic,0
509,34,Male,TikTok,Video,Medium,22.88,4,Finance,Organic,0
510,37,Male,Facebook,Image,Low,20.89,0,Health,Organic,0
511,42,Female,Instagram,Carousel,Low,7.02,3,Finance,Organic,1
512,39,Male,Facebook,Video,High,33.89,1,Finance,Paid,0
513,30,Female,TikTok,Video,Low,2.04,4,Health,Organic,1
514,36,Male,Facebook,Video,Medium,61.94,2,Beauty,Organic,0
515,53,Female,Facebook,Image,Low,9.46,1,Health,Paid,0
516,29,Female,Facebook,Image,Medium,3.28,3,Finance,Paid,1
517,58,Male,TikTok,Carousel,Low,14.02,0,Beauty,Paid,0
518,36,Female,Facebook,Image,Medium,1.04,1,Finance,Organic,1
519,29,Male,Facebook,Image,Low,27.7,1,Finance,Organic,0
520,26,Male,Instagram,Video,High,55.92,4,Health,Organic,0
521,24,Male,TikTok,Video,Low,43.57,2,Health,Organic,0
522,45,Female,Facebook,Video,Medium,3.27,2,Beauty,Organic,1
523,31,Female,TikTok,Video,Medium,3.24,0,Beauty,Paid,0
524,48,Male,Facebook,Video,Low,40.3,3,Beauty,Paid,0
525,36,Male,Facebook,Video,Medium,61.93,0,Finance,Organic,1
526,33,Female,Facebook,Video,Low,14.82,1,Health,Organic,0
527,22,Male,Instagram,Carousel,High,16.59,1,Health,Organic,0
528,52,Male,Instagram,Carousel,High,9.19,2,Health,Organic,1
529,29,Female,Instagram,Carousel,High,53.92,3,Beauty,Organic,1
530,42,Male,TikTok,Carousel,Low,24.85,4,Health,Paid,0
531,38,Female,TikTok,Video,Medium,8.16,3,Health,Paid,1
532,53,Male,Instagram,Carousel,Medium,8.52,1,Health,Paid,0
533,40,Female,TikTok,Video,High,53.24,4,Beauty,Organic,0
534,33,Male,Facebook,Carousel,Medium,0.33,3,Health,Organic,1
535,56,Male,Facebook,Image,High,9.35,3,Beauty,Paid,1
536,59,Female,Facebook,Carousel,Medium,19.4,4,Health,Paid,1
537,56,Male,Instagram,Carousel,Medium,3.85,1,Health,Organic,1
538,31,Female,TikTok,Video,Low,2.32,3,Health,Paid,0
539,48,Male,Instagram,Carousel,Medium,40.53,4,Beauty,Paid,0
540,22,Female,TikTok,Image,Medium,53.96,1,Beauty,Organic,0
541,52,Female,Facebook,Video,Medium,41.64,4,Health,Paid,0
542,40,Female,Instagram,Video,Medium,54.97,4,Finance,Paid,1
543,46,Female,TikTok,Carousel,Medium,19.33,3,Beauty,Paid,0
544,28,Male,TikTok,Video,Low,40.14,1,Beauty,Organic,0
545,35,Male,Facebook,Video,Medium,11.63,3,Health,Paid,0
546,29,Female,Instagram,Video,Medium,26.34,0,Finance,Paid,0
547,26,Female,Instagram,Video,Medium,107.88,0,Health,Paid,0
548,27,Female,Instagram,Video,Low,6.14,1,Beauty,Organic,0
549,34,Male,Facebook,Video,Low,11.86,4,Beauty,Organic,1
550,55,Male,Instagram,Image,Low,15.7,3,Health,Paid,0
551,24,Male,Facebook,Carousel,Medium,3.56,3,Health,Organic,1
552,30,Male,Facebook,Image,Low,2.03,1,Finance,Paid,0
553,57,Female,Facebook,Video,Medium,42.49,1,Finance,Organic,0
554,59,Female,TikTok,Video,High,90.32,0,Beauty,Organic,1
555,26,Female,Instagram,Carousel,Low,12.45,2,Finance,Paid,0
556,44,Male,Instagram,Image,Medium,2.2,1,Finance,Paid,0
557,19,Male,Facebook,Carousel,Medium,1.63,2,Beauty,Paid,0
558,22,Male,Facebook,Image,High,53.26,1,Beauty,Organic,0
559,46,Female,Instagram,Video,Medium,14.96,4,Beauty,Paid,0
560,54,Female,Facebook,Carousel,Medium,9.26,4,Beauty,Organic,1
561,55,Male,Instagram,Carousel,High,15.53,0,Health,Organic,0
562,36,Female,TikTok,Video,Medium,9.2,0,Beauty,Paid,0
563,25,Male,Facebook,Carousel,High,16.11,2,Beauty,Organic,0
564,18,Male,Instagram,Image,Low,47.11,1,Beauty,Paid,0
565,39,Female,Facebook,Image,High,21.53,3,Finance,Organic,1
566,34,Male,Instagram,Image,Medium,28.47,0,Beauty,Paid,0
567,24,Female,Instagram,Image,Medium,10.89,3,Health,Organic,1
568,42,Male,Facebook,Video,Low,32.19,3,Health,Organic,0
569,21,Female,TikTok,Carousel,Medium,26.36,1,Beauty,Paid,0
570,53,Female,Instagram,Image,Low,3.06,2,Health,Organic,1
571,23,Female,Instagram,Video,High,20.4,1,Finance,Paid,1
572,48,Male,Instagram,Carousel,High,7.12,0,Beauty,Organic,0
573,36,Male,TikTok,Carousel,Low,39.12,3,Health,Organic,0
574,56,Female,TikTok,Video,High,13.32,1,Health,Organic,1
575,44,Female,Facebook,Video,Medium,125.69,1,Beauty,Paid,0
576,27,Male,TikTok,Image,Medium,2.33,1,Health,Paid,1
577,43,Male,Facebook,Carousel,Low,36.38,0,Beauty,Paid,0
578,36,Male,Facebook,Carousel,Low,26.88,2,Health,Paid,1
579,56,Female,TikTok,Video,Low,35.01,1,Finance,Paid,0
580,20,Male,Facebook,Carousel,Low,8.82,0,Health,Organic,1
581,30,Male,TikTok,Image,High,16.26,3,Health,Organic,1
582,45,Female,Facebook,Carousel,Low,38.21,4,Beauty,Paid,0
583,37,Male,TikTok,Video,High,6.35,0,Health,Organic,1
584,45,Male,TikTok,Video,Low,6.15,4,Beauty,Organic,1
585,25,Male,Facebook,Image,Medium,19.22,1,Finance,Organic,0
586,58,Female,Instagram,Image,Medium,17.79,1,Beauty,Organic,1
587,56,Female,Facebook,Carousel,High,7.96,0,Beauty,Paid,0
588,18,Female,TikTok,Carousel,Low,8.49,4,Health,Organic,0
589,20,Female,Instagram,Video,Medium,7.81,1,Finance,Paid,1
590,30,Female,Facebook,Image,Medium,35.43,3,Beauty,Paid,0
591,45,Female,Facebook,Image,Low,25.33,2,Health,Organic,0
592,42,Female,Facebook,Image,Low,42.87,2,Health,Paid,0
593,50,Male,Instagram,Carousel,Medium,88.99,1,Beauty,Organic,0
594,55,Male,TikTok,Image,Medium,15.43,4,Health,Organic,1
595,23,Female,Facebook,Video,Medium,1.66,1,Beauty,Organic,0
596,49,Male,Facebook,Video,Low,1.18,4,Beauty,Paid,0
597,38,Male,Facebook,Carousel,Medium,8.41,3,Beauty,Paid,0
598,33,Female,Facebook,Carousel,Medium,64.71,4,Finance,Paid,1
599,38,Male,Facebook,Image,Medium,17.78,1,Beauty,Organic,0
600,28,Male,TikTok,Carousel,High,7.61,3,Health,Organic,0
601,54,Male,TikTok,Video,Medium,12.23,0,Finance,Organic,0
602,53,Male,Facebook,Image,Medium,21.91,2,Health,Paid,0
603,52,Male,Instagram,Video,Low,25.4,1,Finance,Organic,0
604,36,Female,TikTok,Image,Medium,4.01,1,Finance,Organic,0
605,37,Female,Instagram,Carousel,Low,90.57,1,Finance,Paid,0
606,35,Female,TikTok,Image,Medium,18.89,3,Finance,Paid,0
607,58,Male,Facebook,Image,Medium,3.5,0,Health,Paid,1
608,31,Female,TikTok,Video,High,53.78,4,Beauty,Organic,1
609,32,Male,Facebook,Video,Low,1.86,0,Health,Organic,0
610,48,Male,TikTok,Image,Medium,57.19,3,Beauty,Organic,1
611,18,Male,Facebook,Carousel,Medium,136.17,1,Health,Paid,0
612,20,Male,Facebook,Carousel,Low,28.93,2,Finance,Paid,0
613,33,Female,Facebook,Video,Low,35.32,1,Finance,Paid,0
614,40,Female,Facebook,Carousel,Low,9.87,4,Beauty,Paid,0
615,28,Male,Instagram,Video,Low,68.16,2,Beauty,Organic,0
616,29,Female,Facebook,Carousel,Low,18.11,1,Health,Organic,0
617,27,Male,Instagram,Image,Low,31.64,2,Beauty,Organic,0
618,49,Female,Instagram,Video,Low,61.88,0,Health,Organic,0
619,33,Female,Facebook,Video,Medium,88.71,3,Beauty,Organic,1
620,25,Male,Instagram,Image,Medium,42.98,1,Beauty,Organic,0
621,55,Female,TikTok,Video,High,8.66,4,Beauty,Organic,1
622,29,Male,Facebook,Carousel,Medium,81.54,0,Finance,Organic,0
623,41,Female,Instagram,Carousel,Medium,23.74,1,Finance,Paid,0
624,45,Male,Facebook,Video,High,64.04,0,Health,Paid,0
625,25,Male,Facebook,Carousel,Medium,27.06,4,Beauty,Organic,0
626,45,Female,Facebook,Video,Medium,8.81,1,Health,Paid,0
627,53,Female,Instagram,Image,Medium,11.09,4,Beauty,Organic,1
628,43,Male,TikTok,Video,Low,19.19,2,Finance,Organic,1
629,25,Female,TikTok,Image,Low,37.46,4,Finance,Paid,0
630,45,Female,Instagram,Carousel,Medium,9.18,2,Beauty,Organic,1
631,45,Male,Facebook,Image,Medium,20.8,1,Beauty,Organic,1
632,54,Male,Instagram,Carousel,Low,10.18,2,Finance,Organic,1
633,58,Female,Instagram,Video,High,40.6,1,Finance,Organic,1
634,53,Male,Instagram,Carousel,Medium,15.09,1,Health,Organic,0
635,44,Male,Facebook,Video,Medium,1.92,3,Finance,Organic,1
636,34,Male,Instagram,Video,High,4.36,1,Beauty,Organic,1
637,26,Female,Facebook,Image,Medium,1.51,2,Health,Paid,1
638,50,Female,Instagram,Image,High,16.6,3,Beauty,Paid,0
639,37,Male,TikTok,Image,Medium,2.7,3,Health,Organic,1
640,30,Female,Instagram,Image,Low,2.91,1,Beauty,Paid,0
641,45,Male,Instagram,Carousel,Medium,67.94,4,Finance,Organic,0
642,46,Female,TikTok,Carousel,Medium,49.46,4,Beauty,Organic,0
643,30,Male,Facebook,Carousel,Medium,14.44,3,Health,Organic,1
644,52,Male,Facebook,Video,High,102.12,1,Beauty,Organic,0
645,23,Female,Instagram,Carousel,Medium,0.0,4,Health,Paid,1
646,35,Male,TikTok,Carousel,Medium,22.84,1,Beauty,Paid,0
647,22,Female,Facebook,Carousel,High,23.0,1,Finance,Paid,0
648,42,Female,Instagram,Image,Medium,14.68,3,Finance,Paid,0
649,19,Male,TikTok,Carousel,Medium,12.14,3,Beauty,Organic,1
650,27,Male,Facebook,Video,High,14.58,0,Beauty,Paid,0
651,47,Female,Facebook,Image,Low,12.87,4,Beauty,Organic,0
652,22,Male,TikTok,Video,Medium,31.47,4,Health,Organic,1
653,50,Male,TikTok,Carousel,High,3.49,4,Beauty,Paid,0
654,18,Male,TikTok,Image,Medium,5.28,2,Beauty,Organic,0
655,35,Male,TikTok,Video,Medium,4.78,1,Health,Paid,0
656,49,Male,Instagram,Carousel,Medium,7.31,3,Finance,Paid,1
657,28,Female,TikTok,Video,Medium,17.88,4,Beauty,Paid,0
658,38,Female,Facebook,Video,High,2.83,0,Beauty,Paid,0
659,43,Male,Facebook,Video,Low,48.63,4,Finance,Paid,1
660,42,Male,Instagram,Carousel,Low,8.47,1,Finance,Organic,1
661,39,Male,Facebook,Carousel,Low,4.26,1,Health,Paid,0
662,44,Female,Facebook,Video,Medium,27.02,3,Beauty,Paid,1
663,30,Male,TikTok,Image,Medium,0.93,2,Beauty,Organic,1
664,50,Female,Facebook,Image,High,23.22,3,Health,Paid,1
665,51,Female,Instagram,Carousel,Medium,28.75,4,Finance,Paid,0
666,58,Female,TikTok,Carousel,Medium,5.81,0,Health,Organic,0
667,52,Male,TikTok,Carousel,Low,1.03,3,Finance,Organic,0
668,18,Female,Instagram,Carousel,Medium,10.85,2,Health,Paid,1
669,38,Male,TikTok,Carousel,Medium,2.49,3,Finance,Organic,1
670,23,Female,TikTok,Image,Low,2.97,1,Health,Paid,0
671,45,Male,Instagram,Carousel,Low,7.04,4,Finance,Organic,1
672,34,Female,TikTok,Video,Low,8.41,4,Finance,Paid,1
673,22,Male,Instagram,Video,Low,18.12,4,Finance,Paid,0
674,48,Female,Instagram,Image,Medium,27.23,4,Finance,Paid,1
675,22,Male,Facebook,Video,Low,21.56,4,Finance,Organic,1
676,55,Male,Facebook,Image,Medium,3.85,4,Beauty,Paid,1
677,20,Male,TikTok,Image,High,4.53,0,Finance,Organic,1
678,40,Male,TikTok,Video,Medium,50.64,2,Beauty,Paid,0
679,54,Female,Instagram,Carousel,High,19.61,4,Finance,Paid,1
680,54,Female,TikTok,Video,Medium,48.95,2,Beauty,Paid,1
681,27,Male,Instagram,Video,Medium,11.15,4,Beauty,Paid,0
682,27,Female,Instagram,Image,High,22.87,3,Health,Paid,1
683,36,Male,TikTok,Video,Low,17.8,4,Finance,Organic,1
684,34,Male,Instagram,Image,High,9.22,1,Health,Organic,0
685,38,Female,Facebook,Carousel,Low,15.23,0,Health,Organic,0
686,31,Male,TikTok,Carousel,Medium,16.76,3,Finance,Paid,0
687,26,Male,Facebook,Carousel,Low,5.38,3,Health,Paid,1
688,18,Female,TikTok,Video,Medium,9.08,1,Finance,Organic,0
689,30,Male,Instagram,Image,Medium,37.62,4,Health,Paid,0
690,21,Male,TikTok,Carousel,Medium,59.39,0,Finance,Paid,0
691,18,Male,Facebook,Image,Low,10.7,3,Finance,Paid,0
692,57,Male,Instagram,Image,Low,8.8,0,Finance,Organic,0
693,49,Female,TikTok,Carousel,Low,5.21,3,Beauty,Organic,0
694,51,Female,TikTok,Carousel,Low,27.23,4,Health,Organic,0
695,45,Female,TikTok,Image,High,9.37,3,Beauty,Organic,1
696,48,Male,Facebook,Carousel,Low,105.65,3,Health,Organic,0
697,25,Male,Facebook,Image,High,9.46,2,Health,Paid,1
698,56,Female,TikTok,Image,High,12.03,4,Health,Paid,0
699,43,Male,Instagram,Carousel,Low,22.19,1,Beauty,Paid,0
700,51,Male,Instagram,Video,Medium,38.83,1,Health,Paid,0
701,20,Male,Facebook,Carousel,Low,15.22,4,Beauty,Organic,0
702,29,Male,Instagram,Video,Low,13.18,1,Finance,Organic,0
703,18,Female,Facebook,Image,Low,130.43,4,Health,Paid,0
704,22,Female,TikTok,Image,Medium,0.25,1,Health,Organic,0
705,47,Female,Facebook,Video,Medium,54.11,2,Finance,Paid,1
706,47,Male,Facebook,Image,Medium,3.88,1,Finance,Paid,1
707,34,Female,TikTok,Video,Medium,36.99,3,Health,Paid,0
708,40,Female,Instagram,Video,Low,23.09,4,Finance,Paid,0
709,32,Male,Facebook,Image,Medium,10.04,0,Beauty,Organic,1
710,54,Male,Facebook,Video,Medium,49.69,0,Beauty,Paid,0
711,38,Female,TikTok,Carousel,Low,0.31,4,Health,Organic,0
712,31,Female,Instagram,Carousel,Low,6.17,2,Beauty,Paid,1
713,19,Female,Facebook,Image,Medium,20.08,1,Beauty,Paid,0
714,28,Female,TikTok,Image,Low,10.4,2,Health,Paid,0
715,56,Male,Facebook,Video,Medium,22.62,0,Finance,Paid,0
716,55,Female,TikTok,Video,Low,0.59,4,Health,Organic,0
717,51,Female,Instagram,Video,Low,2.97,4,Beauty,Paid,0
718,55,Male,Instagram,Video,Low,3.26,2,Health,Organic,0
719,51,Female,Instagram,Carousel,Low,5.04,2,Health,Paid,0
720,35,Male,Instagram,Carousel,Medium,14.76,1,Beauty,Paid,0
721,47,Male,Facebook,Image,Medium,33.48,3,Beauty,Paid,0
722,32,Male,Facebook,Video,Medium,56.63,3,Health,Organic,1
723,44,Female,Instagram,Video,High,43.3,1,Beauty,Paid,1
724,51,Female,Instagram,Image,Medium,5.26,3,Beauty,Paid,0
725,55,Male,Instagram,Video,Medium,13.97,0,Beauty,Paid,0
726,50,Female,Facebook,Video,Low,5.34,3,Beauty,Paid,0
727,41,Female,Instagram,Video,Medium,7.37,1,Beauty,Paid,0
728,32,Male,Instagram,Video,Medium,16.81,3,Beauty,Organic,0
729,47,Male,Instagram,Video,Low,1.69,4,Finance,Organic,1
730,59,Female,TikTok,Image,Medium,5.91,2,Health,Paid,1
731,34,Male,Instagram,Video,Low,65.74,0,Beauty,Paid,0
732,22,Female,TikTok,Image,Medium,15.06,4,Health,Organic,0
733,46,Female,TikTok,Video,High,14.15,4,Finance,Paid,0
734,21,Female,Instagram,Carousel,High,0.35,1,Beauty,Organic,1
735,27,Female,TikTok,Carousel,Medium,6.82,2,Health,Paid,1
736,34,Male,Instagram,Carousel,Medium,48.29,2,Beauty,Paid,0
737,27,Male,Facebook,Carousel,Medium,4.32,0,Beauty,Organic,1
738,34,Male,Facebook,Image,Medium,12.87,1,Beauty,Paid,0
739,37,Male,Facebook,Image,Low,0.35,0,Beauty,Organic,1
740,41,Female,Facebook,Video,Medium,15.62,3,Beauty,Organic,1
741,22,Female,TikTok,Carousel,Medium,0.51,4,Beauty,Organic,1
742,51,Male,Instagram,Image,High,41.1,0,Beauty,Paid,1
743,23,Female,Instagram,Video,Medium,41.81,4,Finance,Organic,0
744,19,Female,Instagram,Video,Medium,37.2,1,Finance,Organic,1
745,30,Female,Facebook,Image,Medium,8.0,3,Beauty,Paid,1
746,28,Male,Facebook,Carousel,Medium,43.57,1,Beauty,Paid,0
747,40,Male,Instagram,Video,Medium,18.79,3,Finance,Paid,0
748,33,Male,Facebook,Carousel,Low,11.23,3,Finance,Paid,0
749,48,Female,Instagram,Carousel,Medium,23.56,4,Finance,Paid,1
750,28,Male,Instagram,Carousel,High,0.3,1,Beauty,Paid,1
751,33,Male,Instagram,Video,Medium,3.7,1,Health,Organic,1
752,25,Male,Instagram,Carousel,Low,32.54,0,Health,Paid,0
753,21,Male,Instagram,Video,Medium,6.72,1,Health,Organic,1
754,57,Male,Instagram,Carousel,High,21.87,0,Health,Paid,0
755,21,Male,Instagram,Video,Low,11.67,2,Beauty,Organic,0
756,42,Female,Facebook,Carousel,Medium,46.31,2,Health,Organic,0
757,20,Female,Instagram,Image,High,73.09,2,Finance,Paid,0
758,49,Male,Instagram,Carousel,Medium,51.61,1,Finance,Paid,0
759,20,Male,Facebook,Carousel,High,7.57,1,Health,Organic,1
760,44,Female,Facebook,Video,Medium,5.18,0,Finance,Paid,0
761,46,Female,Facebook,Video,Medium,15.44,3,Beauty,Paid,1
762,49,Male,Instagram,Carousel,Medium,0.18,0,Health,Organic,0
763,36,Male,TikTok,Image,Low,0.63,2,Health,Organic,0
764,38,Male,TikTok,Image,Low,19.34,0,Beauty,Organic,0
765,22,Male,Facebook,Video,Medium,17.64,3,Finance,Paid,1
766,35,Female,TikTok,Image,Low,125.23,1,Beauty,Paid,0
767,45,Male,Facebook,Carousel,Medium,5.41,0,Beauty,Paid,0
768,59,Male,Instagram,Video,High,7.17,2,Finance,Paid,1
769,39,Male,TikTok,Carousel,High,2.89,2,Beauty,Organic,1
770,38,Male,Instagram,Video,Medium,59.89,1,Finance,Paid,0
771,23,Female,TikTok,Video,High,36.1,0,Finance,Organic,0
772,18,Female,Instagram,Video,Medium,41.47,3,Beauty,Paid,1
773,22,Female,TikTok,Video,Medium,55.93,1,Finance,Paid,0
774,58,Male,Instagram,Image,Low,17.86,0,Beauty,Organic,0
775,29,Male,Instagram,Carousel,Medium,14.4,4,Finance,Paid,0
776,43,Female,TikTok,Carousel,Medium,9.63,2,Health,Paid,0
777,51,Male,Instagram,Carousel,Medium,21.35,3,Finance,Organic,0
778,31,Male,Instagram,Video,Medium,14.54,3,Finance,Paid,0
779,43,Female,Instagram,Image,Low,14.42,3,Beauty,Organic,0
780,44,Female,TikTok,Carousel,Medium,66.32,2,Finance,Organic,0
781,26,Female,TikTok,Image,High,99.29,0,Health,Organic,0
782,43,Female,Instagram,Video,Medium,38.21,1,Health,Organic,0
783,39,Male,Instagram,Carousel,High,33.93,0,Finance,Paid,1
784,47,Male,TikTok,Image,High,27.39,1,Finance,Paid,0
785,34,Female,TikTok,Video,High,4.36,3,Health,Paid,1
786,43,Male,Instagram,Image,High,1.46,0,Beauty,Organic,1
787,53,Female,Instagram,Carousel,High,28.16,3,Health,Paid,1
788,18,Female,Instagram,Carousel,Medium,31.32,4,Health,Paid,0
789,25,Male,Facebook,Video,Low,1.15,3,Finance,Paid,1
790,52,Female,TikTok,Video,Medium,63.16,3,Finance,Paid,1
791,32,Male,Facebook,Video,Medium,2.29,1,Health,Organic,1
792,39,Male,TikTok,Image,Low,8.08,4,Beauty,Organic,0
793,31,Male,TikTok,Image,Low,26.78,3,Health,Paid,1
794,43,Male,TikTok,Image,High,4.47,3,Health,Organic,1
795,45,Female,TikTok,Video,High,1.37,4,Beauty,Paid,1
796,40,Male,TikTok,Carousel,High,9.65,4,Health,Paid,1
797,31,Female,TikTok,Carousel,Medium,34.86,0,Health,Paid,1
798,41,Female,TikTok,Image,Low,12.81,1,Finance,Organic,0
799,19,Female,Facebook,Image,Low,25.4,4,Beauty,Paid,0
800,43,Female,Instagram,Carousel,Low,20.8,4,Finance,Organic,0
801,31,Male,Instagram,Carousel,Low,0.54,2,Finance,Organic,0
802,24,Male,Facebook,Image,Low,107.25,4,Beauty,Paid,0
803,20,Female,Facebook,Image,High,1.02,1,Beauty,Organic,0
804,40,Female,Facebook,Carousel,Medium,82.46,3,Health,Organic,1
805,35,Male,Facebook,Video,Low,19.16,3,Finance,Paid,0
806,55,Female,TikTok,Image,Low,79.23,3,Beauty,Organic,0
807,52,Male,Instagram,Carousel,Medium,2.93,3,Finance,Organic,0
808,32,Female,TikTok,Carousel,Low,16.18,2,Finance,Paid,0
809,42,Male,Instagram,Carousel,High,4.46,4,Beauty,Paid,1
810,54,Female,Instagram,Carousel,Medium,1.26,3,Health,Organic,1
811,45,Female,Facebook,Video,Medium,23.07,0,Finance,Paid,0
812,27,Male,TikTok,Carousel,Low,5.59,3,Beauty,Paid,0
813,56,Female,Facebook,Image,Low,21.26,4,Health,Organic,0
814,34,Female,TikTok,Video,Medium,2.86,3,Finance,Organic,1
815,56,Male,Instagram,Carousel,Medium,9.68,2,Beauty,Paid,1
816,39,Female,Facebook,Video,Medium,36.52,1,Finance,Organic,1
817,43,Male,Facebook,Image,Low,13.79,1,Beauty,Paid,0
818,42,Male,Instagram,Carousel,Medium,23.72,4,Beauty,Paid,1
819,34,Female,Instagram,Image,Medium,25.02,1,Finance,Organic,0
820,30,Female,Instagram,Carousel,High,44.55,1,Finance,Organic,0
821,37,Female,Facebook,Carousel,Low,9.43,0,Beauty,Paid,1
822,42,Female,TikTok,Carousel,Low,27.9,4,Health,Paid,0
823,21,Female,Facebook,Carousel,Medium,78.24,4,Finance,Paid,0
824,27,Female,TikTok,Carousel,Medium,31.45,1,Beauty,Paid,0
825,20,Female,Facebook,Video,Medium,16.15,1,Beauty,Organic,0
826,58,Male,Facebook,Carousel,Medium,23.91,1,Health,Paid,1
827,35,Female,Instagram,Carousel,Medium,32.3,2,Health,Organic,0
828,53,Male,TikTok,Video,High,22.74,3,Health,Organic,1
829,39,Female,Facebook,Video,Medium,0.4,2,Finance,Paid,1
830,51,Female,Facebook,Video,High,5.2,4,Beauty,Organic,1
831,25,Male,Instagram,Video,Medium,39.92,0,Beauty,Organic,1
832,57,Female,Instagram,Video,High,7.64,3,Beauty,Paid,1
833,36,Female,TikTok,Video,High,31.56,0,Health,Organic,0
834,59,Male,Facebook,Carousel,Low,11.17,4,Beauty,Organic,0
835,58,Female,TikTok,Carousel,High,17.71,4,Finance,Paid,0
836,54,Female,Facebook,Image,Low,1.69,0,Health,Paid,0
837,23,Female,TikTok,Carousel,High,4.8,0,Health,Paid,1
838,43,Male,Instagram,Carousel,Medium,75.63,0,Health,Paid,0
839,51,Female,Facebook,Video,Low,53.0,4,Health,Paid,0
840,23,Female,TikTok,Video,Medium,25.35,1,Finance,Paid,0
841,54,Female,Instagram,Carousel,High,14.77,0,Beauty,Paid,1
842,50,Female,Instagram,Image,Low,27.03,3,Finance,Organic,0
843,39,Male,TikTok,Video,Medium,23.13,4,Beauty,Organic,0
844,38,Male,Facebook,Carousel,Medium,20.17,2,Finance,Paid,0
845,23,Female,Facebook,Carousel,High,1.46,2,Health,Organic,1
846,23,Female,Instagram,Image,Medium,24.04,3,Health,Organic,0
847,21,Male,Facebook,Image,Low,35.16,1,Finance,Paid,0
848,47,Male,Facebook,Video,Low,123.11,0,Finance,Organic,0
849,28,Female,Facebook,Image,Medium,0.27,4,Beauty,Paid,1
850,47,Male,Instagram,Carousel,Medium,31.44,0,Finance,Organic,0
851,48,Female,TikTok,Carousel,High,20.36,4,Finance,Paid,1
852,41,Male,Facebook,Image,Low,13.66,2,Beauty,Organic,0
853,26,Male,Instagram,Image,Medium,3.28,0,Beauty,Organic,1
854,20,Male,Instagram,Image,Low,12.63,3,Beauty,Organic,0
855,48,Male,TikTok,Image,Low,10.5,1,Finance,Paid,0
856,57,Female,Facebook,Video,Medium,8.66,3,Beauty,Organic,1
857,54,Male,Facebook,Image,Medium,31.5,1,Health,Organic,0
858,53,Male,TikTok,Video,Medium,28.95,0,Health,Paid,0
859,41,Female,TikTok,Carousel,High,21.34,0,Health,Paid,0
860,48,Male,Instagram,Image,Medium,66.99,1,Finance,Organic,0
861,23,Male,Instagram,Video,High,10.33,2,Health,Organic,1
862,19,Female,TikTok,Image,High,6.71,4,Finance,Organic,1
863,37,Male,Facebook,Carousel,Medium,25.6,3,Finance,Organic,1
864,45,Female,Instagram,Carousel,High,5.32,3,Health,Paid,1
865,28,Female,Instagram,Carousel,Medium,9.08,3,Beauty,Organic,1
866,21,Female,Facebook,Image,Low,6.11,0,Finance,Organic,0
867,32,Female,Instagram,Image,Medium,1.72,3,Health,Paid,1
868,23,Male,Facebook,Video,Low,42.18,4,Finance,Organic,0
869,47,Female,Facebook,Carousel,Medium,7.05,4,Beauty,Organic,0
870,55,Male,Facebook,Image,Medium,15.37,1,Beauty,Organic,0
871,19,Male,TikTok,Carousel,Low,1.06,0,Health,Paid,0
872,32,Male,TikTok,Carousel,Low,28.84,4,Finance,Paid,0
873,28,Male,TikTok,Video,High,9.63,2,Finance,Organic,1
874,25,Male,Facebook,Video,Medium,32.77,0,Finance,Organic,0
875,43,Male,Facebook,Video,Low,12.76,0,Finance,Paid,0
876,22,Male,TikTok,Video,Medium,5.23,4,Health,Organic,1
877,23,Male,Instagram,Carousel,Medium,17.28,2,Beauty,Organic,1
878,43,Male,Facebook,Video,Medium,3.36,1,Health,Paid,0
879,21,Male,Instagram,Video,High,13.94,4,Finance,Paid,0
880,36,Female,Instagram,Video,Medium,9.16,2,Finance,Paid,0
881,37,Female,Facebook,Video,Low,58.32,0,Beauty,Organic,0
882,50,Female,Facebook,Carousel,High,1.51,2,Finance,Organic,1
883,37,Male,Instagram,Video,High,28.42,0,Health,Organic,0
884,29,Female,Instagram,Carousel,Low,4.84,4,Health,Organic,0
885,18,Female,TikTok,Image,Low,9.22,4,Beauty,Paid,0
886,43,Female,TikTok,Carousel,Low,12.89,3,Health,Organic,0
887,31,Male,Facebook,Carousel,Medium,57.27,3,Health,Organic,1
888,55,Male,TikTok,Video,Medium,6.67,3,Health,Paid,0
889,54,Male,TikTok,Image,Medium,2.3,4,Health,Paid,0
890,28,Male,TikTok,Image,High,9.21,1,Finance,Organic,1
891,53,Female,TikTok,Image,Medium,2.65,4,Health,Paid,1
892,30,Female,Instagram,Image,Low,3.3,2,Beauty,Paid,0
893,20,Female,Facebook,Carousel,Low,20.47,4,Beauty,Organic,0
894,50,Female,TikTok,Image,Medium,1.51,4,Health,Organic,1
895,23,Male,Instagram,Carousel,Low,0.75,0,Beauty,Organic,0
896,27,Male,Instagram,Carousel,Medium,30.08,0,Health,Organic,1
897,22,Male,Instagram,Carousel,High,10.77,0,Beauty,Paid,1
898,40,Female,TikTok,Image,Low,3.22,4,Beauty,Paid,0
899,27,Male,TikTok,Video,Medium,7.02,1,Health,Organic,0
900,19,Male,Facebook,Video,Medium,24.66,2,Health,Organic,1
901,30,Female,TikTok,Image,Medium,7.74,2,Finance,Paid,0
902,57,Female,TikTok,Video,Low,16.37,1,Health,Organic,0
903,19,Male,Instagram,Video,Medium,3.11,1,Health,Organic,0
904,37,Male,Facebook,Carousel,Low,21.29,2,Finance,Organic,1
905,18,Male,TikTok,Carousel,High,9.12,3,Health,Organic,1
906,54,Male,TikTok,Image,Low,23.67,0,Health,Paid,0
907,26,Male,Instagram,Image,Medium,39.66,0,Finance,Organic,0
908,34,Male,Instagram,Video,Medium,22.7,2,Health,Paid,0
909,26,Female,TikTok,Carousel,High,8.41,1,Health,Organic,1
910,28,Female,Facebook,Image,Low,7.09,3,Finance,Organic,1
911,32,Female,Facebook,Image,Low,9.52,2,Finance,Paid,0
912,41,Male,Instagram,Image,Low,4.32,0,Beauty,Organic,1
913,55,Female,Instagram,Image,Low,4.8,4,Health,Paid,0
914,52,Male,TikTok,Image,Low,37.53,1,Beauty,Organic,0
915,47,Male,Instagram,Image,Medium,11.66,4,Beauty,Organic,1
916,48,Female,TikTok,Video,Low,13.74,2,Finance,Organic,0
917,22,Male,Facebook,Carousel,Low,21.64,0,Health,Organic,0
918,31,Male,Facebook,Carousel,High,21.38,3,Health,Organic,1
919,28,Female,TikTok,Image,Low,1.67,4,Finance,Paid,1
920,26,Female,Instagram,Carousel,Low,42.75,3,Beauty,Paid,0
921,51,Female,Facebook,Carousel,Low,4.68,0,Finance,Organic,1
922,29,Male,Instagram,Carousel,High,30.82,4,Health,Organic,1
923,52,Female,Facebook,Image,Low,35.55,3,Finance,Paid,0
924,52,Female,TikTok,Image,High,30.12,3,Health,Paid,1
925,18,Male,TikTok,Carousel,Medium,20.76,4,Beauty,Organic,0
926,57,Female,TikTok,Carousel,Low,0.35,0,Health,Organic,0
927,39,Female,Facebook,Image,High,10.72,3,Beauty,Paid,1
928,46,Female,Instagram,Video,Low,22.28,2,Beauty,Organic,1
929,25,Male,Instagram,Carousel,Low,11.76,4,Health,Paid,0
930,28,Male,Instagram,Video,High,47.79,1,Health,Organic,0
931,58,Male,Facebook,Carousel,Medium,8.86,1,Beauty,Paid,1
932,54,Male,Facebook,Video,Medium,8.34,0,Finance,Paid,0
933,31,Female,Facebook,Video,Low,7.42,2,Health,Organic,1
934,47,Male,Facebook,Video,Medium,9.71,3,Beauty,Paid,1
935,52,Male,Facebook,Image,Medium,19.56,1,Beauty,Organic,1
936,38,Female,Instagram,Video,Low,29.46,0,Finance,Organic,0
937,54,Female,Facebook,Video,Low,26.07,2,Health,Organic,0
938,22,Female,Facebook,Video,Low,39.57,2,Beauty,Organic,0
939,36,Male,Instagram,Carousel,Low,52.1,0,Finance,Paid,0
940,31,Male,Facebook,Video,High,40.64,0,Beauty,Organic,0
941,43,Male,Instagram,Carousel,Medium,0.46,3,Health,Organic,1
942,21,Female,Instagram,Video,High,31.96,0,Finance,Organic,1
943,42,Female,TikTok,Video,Low,5.61,3,Beauty,Organic,1
944,59,Male,TikTok,Image,Medium,3.42,3,Finance,Paid,0
945,42,Female,TikTok,Carousel,Low,24.42,4,Health,Organic,1
946,35,Female,TikTok,Video,Low,9.25,2,Finance,Paid,0
947,57,Female,Facebook,Carousel,Low,1.41,2,Health,Paid,0
948,25,Male,TikTok,Carousel,Low,3.55,2,Beauty,Paid,0
949,56,Female,Instagram,Image,Medium,0.02,4,Health,Organic,0
950,57,Female,Facebook,Image,High,56.05,3,Beauty,Organic,1
951,31,Male,TikTok,Image,Medium,0.6,3,Beauty,Organic,1
952,49,Male,Instagram,Image,Low,5.64,0,Health,Organic,1
953,55,Female,Facebook,Image,Low,12.92,4,Beauty,Paid,0
954,50,Female,Facebook,Image,Low,10.58,0,Finance,Paid,0
955,40,Male,TikTok,Image,Medium,58.26,4,Beauty,Organic,0
956,32,Male,Facebook,Image,Medium,0.99,0,Health,Organic,1
957,50,Female,Instagram,Video,High,17.23,1,Finance,Organic,1
958,42,Female,Facebook,Carousel,Low,27.38,2,Finance,Organic,0
959,34,Female,Instagram,Image,Medium,64.41,2,Beauty,Organic,1
960,50,Female,Facebook,Image,Medium,23.25,3,Beauty,Organic,0
961,19,Male,TikTok,Carousel,Medium,39.08,1,Health,Organic,0
962,31,Female,Instagram,Video,Medium,2.1,2,Finance,Paid,0
963,57,Female,Facebook,Carousel,Medium,11.7,3,Health,Paid,1
964,57,Male,Facebook,Carousel,Medium,11.24,1,Beauty,Paid,0
965,56,Female,Facebook,Image,Low,52.18,2,Finance,Paid,0
966,23,Male,Instagram,Carousel,Medium,3.94,0,Health,Organic,0
967,23,Female,Instagram,Carousel,Low,3.95,4,Health,Organic,0
968,20,Female,Instagram,Image,Medium,9.56,1,Health,Organic,1
969,24,Male,TikTok,Image,Medium,1.34,3,Health,Organic,0
970,25,Male,TikTok,Image,Medium,4.83,1,Health,Organic,1
971,59,Female,Instagram,Image,High,80.6,3,Finance,Paid,1
972,32,Female,Facebook,Carousel,High,13.41,1,Health,Organic,0
973,46,Female,TikTok,Carousel,High,23.99,3,Finance,Paid,1
974,50,Male,Instagram,Video,Medium,31.08,2,Health,Organic,0
975,47,Female,Facebook,Video,Medium,10.97,0,Beauty,Paid,0
976,56,Male,TikTok,Carousel,Medium,3.82,2,Beauty,Organic,1
977,44,Male,Facebook,Video,High,5.55,0,Health,Paid,0
978,53,Female,Facebook,Carousel,Medium,9.02,2,Beauty,Organic,1
979,46,Male,Facebook,Video,High,24.26,2,Finance,Organic,1
980,55,Female,Facebook,Image,High,12.19,1,Health,Organic,1
981,50,Female,TikTok,Video,Medium,0.16,4,Finance,Organic,1
982,54,Female,TikTok,Image,Low,17.79,3,Health,Paid,0
983,44,Female,TikTok,Image,Low,61.08,3,Beauty,Organic,0
984,50,Female,Instagram,Image,High,40.12,3,Finance,Paid,0
985,21,Male,TikTok,Image,Low,41.86,0,Beauty,Organic,0
986,39,Male,Facebook,Video,High,38.04,3,Beauty,Paid,0
987,19,Female,TikTok,Carousel,Medium,9.39,3,Health,Organic,1
988,27,Female,Facebook,Image,Medium,34.78,1,Finance,Organic,0
989,22,Male,Instagram,Video,High,3.71,2,Beauty,Paid,1
990,27,Male,Facebook,Image,Medium,25.73,3,Health,Organic,0
991,50,Male,Facebook,Video,Medium,24.62,4,Health,Organic,0
992,55,Male,Facebook,Video,Medium,0.62,3,Health,Paid,1
993,30,Female,Instagram,Video,Low,37.22,0,Beauty,Organic,0
994,48,Female,TikTok,Carousel,Medium,56.05,0,Health,Paid,0
995,53,Male,TikTok,Video,Low,7.47,0,Finance,Organic,0
996,41,Female,Instagram,Video,High,40.16,3,Finance,Paid,1
997,32,Male,Facebook,Carousel,High,2.06,1,Beauty,Paid,0
998,46,Female,TikTok,Carousel,Low,21.99,4,Finance,Paid,0
999,25,Male,Instagram,Video,Medium,15.96,3,Health,Paid,1
1000,22,Female,TikTok,Carousel,Medium,18.95,1,Beauty,Organic,1
